{"MSE": 2.453983836538874, "_timestamp": 1686075436.3094177, "_runtime": 13.710867643356323, "_step": 0, "_wandb": {"runtime": 404}}