{"MSE": 2.449188885227099, "_timestamp": 1686076225.8097603, "_runtime": 16.461623430252075, "_step": 0, "_wandb": {"runtime": 15}}