{"MSE": 2.4537850150814218, "_timestamp": 1686076132.2696073, "_runtime": 9.692421197891235, "_step": 0, "_wandb": {"runtime": 9}}