{"MSE": 2.450621365218557, "_timestamp": 1686076256.449994, "_runtime": 14.977250099182129, "_step": 0, "_wandb": {"runtime": 14}}