{"MSE": 2.4500663942096703, "_timestamp": 1686076192.6069255, "_runtime": 11.005958557128906, "_step": 0, "_wandb": {"runtime": 10}}