{"MSE": 2.449660986981723, "_timestamp": 1686076162.949653, "_runtime": 12.685896873474121, "_step": 0, "_wandb": {"runtime": 12}}